{"count":1,"self":627.615744,"total":2025.8900861,"children":{"InitializeActuators":{"count":108,"self":0.0040016999999999995,"total":0.0040016999999999995,"children":null},"InitializeSensors":{"count":108,"self":0.006006,"total":0.006006,"children":null},"AgentSendState":{"count":196551,"self":227.36983039999998,"total":439.77653979999997,"children":{"CollectObservations":{"count":2122848,"self":4.4487372,"total":4.4487371,"children":null},"WriteActionMask":{"count":2122848,"self":0.9446049,"total":0.9446049,"children":null},"RequestDecision":{"count":2122848,"self":4.8651544,"total":207.0133708,"children":{"AgentInfo.ToProto":{"count":707616,"self":2.6012876,"total":202.14821659999998,"children":{"GenerateSensorData":{"count":707616,"self":196.9108224,"total":199.54692899999998,"children":{"RayPerceptionSensor.Perceive":{"count":707616,"self":2.6361003999999997,"total":2.6361005,"children":null}}}}}}}}},"DecideAction":{"count":196551,"self":894.5257472,"total":904.9829278,"children":{"RayPerceptionSensor.Perceive":{"count":1415232,"self":10.4571536,"total":10.4571539,"children":null}}},"AgentAct":{"count":196551,"self":41.4647168,"total":41.4647169,"children":null},"AgentInfo.ToProto":{"count":26592,"self":0.29908979999999996,"total":12.0391097,"children":{"GenerateSensorData":{"count":26592,"self":11.581942399999999,"total":11.7400199,"children":{"RayPerceptionSensor.Perceive":{"count":26592,"self":0.1580778,"total":0.1580778,"children":null}}}}}},"gauges":{"AvoidAgent.CumulativeReward":{"count":26592,"max":673.107239,"min":-20,"runningAverage":26.9787254,"value":194.9482,"weightedAverage":152.198273},"CatchAgent.CumulativeReward":{"count":26834,"max":100,"min":-10,"runningAverage":53.92978,"value":45,"weightedAverage":20.8335724}},"metadata":{"timer_format_version":"0.1.0","start_time_seconds":"1703452187","unity_version":"2022.3.4f1","command_line_arguments":"G:\\unity\\unity editor\\2022.3.4f1\\Editor\\Unity.exe -projectpath G:\\unity projects\\DataAnalysis\\RunAndCatchML -useHub -hubIPC -cloudEnvironment production -licensingIpc LicenseClient-user -hubSessionId 176eedb7-37b5-4f61-9795-b69c7a2c31e4 -accessToken JF_EgmRLQRoYJ2uzTl32vU4mLtpezCL8h7-BXhm4mZ8009f","communication_protocol_version":"1.5.0","com.unity.ml-agents_version":"2.0.1","scene_name":"AvoidTraining","end_time_seconds":"1703454212"}}