{"count":1,"self":1255.9008767999999,"total":2527.4446742,"children":{"InitializeActuators":{"count":50,"self":0.0030015,"total":0.0030015,"children":null},"InitializeSensors":{"count":50,"self":0.0039992,"total":0.0039992,"children":null},"AgentSendState":{"count":420134,"self":209.2689408,"total":245.1375199,"children":{"CollectObservations":{"count":2100700,"self":5.5006368,"total":5.5006366999999994,"children":null},"WriteActionMask":{"count":2100700,"self":0.9783959,"total":0.9783959,"children":null},"RequestDecision":{"count":2100700,"self":5.656784,"total":29.389547099999998,"children":{"AgentInfo.ToProto":{"count":1050350,"self":3.0792439999999996,"total":23.7327631,"children":{"GenerateSensorData":{"count":1050350,"self":15.451675199999999,"total":20.653519,"children":{"RayPerceptionSensor.Perceive":{"count":1050350,"self":5.2018444,"total":5.2018445,"children":null}}}}}}}}},"DecideAction":{"count":420134,"self":962.34342399999991,"total":969.54103549999991,"children":{"RayPerceptionSensor.Perceive":{"count":1050350,"self":7.1976248,"total":7.1976249999999995,"children":null}}},"AgentAct":{"count":420134,"self":56.3983936,"total":56.7011986,"children":{"AgentInfo.ToProto":{"count":7665,"self":0.0628561,"total":0.3028058,"children":{"GenerateSensorData":{"count":7665,"self":0.1829279,"total":0.2399497,"children":{"RayPerceptionSensor.Perceive":{"count":7665,"self":0.0570218,"total":0.0570218,"children":null}}}}}}},"AgentInfo.ToProto":{"count":3591,"self":0.0365882,"total":0.1555543,"children":{"GenerateSensorData":{"count":3591,"self":0.0919625,"total":0.11896609999999999,"children":{"RayPerceptionSensor.Perceive":{"count":3591,"self":0.0270036,"total":0.0270036,"children":null}}}}}},"gauges":{"AvoidAgent.CumulativeReward":{"count":11256,"max":10584.4375,"min":-1.00000238,"runningAverage":88.5233,"value":11.7000084,"weightedAverage":814.817749},"CatchAgent.CumulativeReward":{"count":9750,"max":112.1391,"min":-10,"runningAverage":13.159812,"value":-5,"weightedAverage":-4.999999}},"metadata":{"timer_format_version":"0.1.0","start_time_seconds":"1702906620","unity_version":"2022.3.4f1","command_line_arguments":"G:\\unity\\unity editor\\2022.3.4f1\\Editor\\Unity.exe -projectpath G:\\unity projects\\DataAnalysis\\RunAndCatchML -useHub -hubIPC -cloudEnvironment production -licensingIpc LicenseClient-user -hubSessionId 887d225f-7f9b-4a72-8f1b-3bf1d94567d1 -accessToken 1mVraixIs3Ybgdi8aPycjiNiD_xxqd-dwehUqW5fdQU009f","communication_protocol_version":"1.5.0","com.unity.ml-agents_version":"2.0.1","scene_name":"SampleScene","end_time_seconds":"1702909147"}}